subject	A1	A2	B1	B2	C1	C2
SRR7134904_postqcAligned	A*02:11:01	A*24:02:01	B*15:04:01	B*39:05:01	C*01:02:29	C*07:02:01
SRR7134769_postqcAligned	A*29:02:01	A*02:01:01	B*15:05:01	B*44:03:01	C*01:02:29	C*16:01:01
SRR7134784_postqcAligned	A*02:01:01	A*02:01:01	B*15:01:01	B*51:01:01	C*01:02:30	C*15:02:01
SRR7134834_postqcAligned	A*02:01:01	A*02:01:01	B*15:04:01	B*35:04:01	C*01:02:29	C*04:01:01
SRR7134685_postqcAligned	A*68:17	A*02:01:01	B*35:05:01	B*40:02:01	C*15:02:01	C*04:01:01
SRR7134728_postqcAligned	A*02:11:01	A*02:01:01	B*15:04:01	B*40:04	C*01:02:36	C*03:04:01
SRR7134818_postqcAligned	A*02:01:01	A*02:01:01	B*15:04:01	B*15:04:01	C*01:02:29	C*01:02:36
SRR7134754_postqcAligned	A*02:01:01	A*02:01:01	B*35:01:01	B*35:43:01	C*01:02:36	C*04:01:01
SRR7134824_postqcAligned	A*24:02:01	A*24:02:01	B*15:04:01	B*15:04:01	C*01:02:36	C*03:04:01
SRR7134850_postqcAligned	A*24:02:01	A*24:02:01	B*35:05:01	B*35:05:01	C*04:01:01	C*04:01:01
SRR7134717_postqcAligned	A*02:01:01	A*02:01:01	B*15:01:01	B*15:20	C*01:02:29	C*01:02:30
SRR7134666_postqcAligned	A*02:01:01	A*02:01:01	B*15:04:01	B*40:02:01	C*01:02:36	C*03:04:01
SRR7134723_postqcAligned	A*02:01:01	A*02:01:01	B*15:04:01	B*44:03:01	C*01:02:30	C*16:01:01
SRR7134675_postqcAligned	A*33:01:01	A*02:01:01	B*14:02:01	B*39:05:01	C*07:02:01	C*08:02:01
SRR7134832_postqcAligned	A*02:01:01	A*02:22:01	B*39:05:01	B*40:02:01	C*07:02:01	C*03:04:01
SRR7134809_postqcAligned	A*01:01:38	A*02:01:01	B*15:04:01	B*52:01:01	C*01:02:36	C*12:02:02
SRR7134712_postqcAligned	A*02:01:01	A*02:01:01	B*35:09:01	B*48:01:01	C*08:03:01	C*04:01:01
SRR7134679_postqcAligned	A*02:01:01	A*02:01:01	B*15:04:01	B*40:02:01	C*01:02:29	C*03:04:01
SRR7134681_postqcAligned	A*02:01:01	A*68:01:02	B*39:05:01	B*48:01:01	C*07:02:01	C*08:24
SRR7134687_postqcAligned	A*24:02:01	A*29:02:01	B*44:13	B*54:01:01	C*01:02:30	C*16:01:01
SRR7134741_postqcAligned	A*02:11:01	A*33:01:01	B*40:04	B*14:02:01	C*08:02:01	C*03:04:01
SRR7134868_postqcAligned	A*02:11:01	A*26:01:01	B*15:04:01	B*38:01:01	C*01:02:36	C*12:03:01
SRR7134871_postqcAligned	A*01:01:01	A*02:01:01	B*48:01:01	B*57:03:01	C*07:01:02	C*08:24
SRR7134770_postqcAligned	A*24:02:01	A*68:01:02	B*35:09:01	B*40:02:01	C*04:01:01	C*03:04:01
SRR7134898_postqcAligned	A*02:01:01	A*68:02:01	B*35:05:01	B*35:09:01	C*04:01:01	C*04:01:01
SRR7134719_postqcAligned	A*11:69N	A*02:01:01	B*45:01:01	B*45:01:01	C*04:01:01	C*16:01:01
SRR7134736_postqcAligned	A*02:01:01	A*68:01:02	B*35:01:01	B*51:01:01	C*15:02:01	C*04:01:01
SRR7134900_postqcAligned	A*02:01:01	A*68:02:01	B*15:04:01	B*49:01:01	C*01:02:29	C*07:01:01
SRR7134803_postqcAligned	A*02:64:01	A*02:01:01	B*40:08	B*51:08:01	C*15:02:01	C*03:04:01
SRR7134890_postqcAligned	A*31:01:02	A*02:01:01	B*15:04:01	B*39:06:01	C*01:02:36	C*07:02:01
SRR7134807_postqcAligned	A*11:69N	A*02:01:01	B*52:01:01	B*44:02:01	C*05:01:01	C*12:08
